res_num	BFP
6	-0.08
7	-0.06
8	-0.22
9	-0.11
10	-0.07
11	0.24
12	0.29
13	0.6
14	0.37
15	0.14
16	0.12
17	-0.23
18	-0.31
19	-0.43
20	-0.4
21	-0.59
22	-0.5
23	-0.43
24	-0.15
25	0.22
26	0.49
27	0.51
28	0.53
29	0.51
30	0.55
31	0.6
32	0.5
33	0.46
34	0.31
35	0.26
36	0.31
37	0.3
38	0.23
39	0.34
40	0.52
41	0.59
42	0.45
43	0.33
44	0.4
45	0.39
46	0.38
47	0.46
48	0.46
49	0.35
50	0.36
51	0.21
52	0.13
53	-0.14
54	-0.14
55	-0.34
56	-0.22
57	-0.33
58	-0.3
59	-0.45
60	-0.53
61	-0.66
62	-0.57
63	-0.62
64	-0.74
65	-0.89
66	-0.9
67	-0.8
68	-0.81
69	-0.72
70	-0.6
71	-0.43
72	-0.52
73	-0.52
74	-0.28
75	-0.36
76	-0.3
77	-0.42
78	-0.28
79	-0.4
80	-0.23
81	-0.34
82	0.01
83	0.13
84	0.24
85	0.01
86	0.12
87	-0.08
88	-0.06
89	-0.05
90	-0.19
91	-0.5
92	-0.49
93	-0.59
94	-0.54
95	-0.53
96	-0.62
97	-0.65
98	-0.69
99	-0.69
100	-0.73
101	-0.62
102	-0.39
103	-0.48
104	-0.55
105	-0.31
106	-0.05
107	-0.25
108	-0.07
109	0.27
110	0.51
111	0.41
112	0.38
113	0.13
114	-0.19
115	-0.35
116	-0.67
117	-0.79
118	-0.84
119	-0.66
120	-0.65
121	-0.64
122	-0.61
123	-0.63
124	-0.51
125	-0.48
126	-0.56
127	-0.39
128	-0.76
129	-0.73
130	-0.67
131	-0.8
132	-0.88
133	-0.72
134	-0.59
135	-0.4
136	-0.15
137	-0.05
138	-0.3
139	-0.51
140	-0.57
141	-0.71
142	-0.66
143	-0.54
144	-0.3
145	-0.1
146	0.21
147	0.09
148	0.33
149	0.38
150	0.4
151	0.22
152	-0.03
153	0.05
154	0.32
155	0.05
156	-0.06
157	-0.35
158	-0.28
159	-0.39
160	-0.63
161	-0.5
162	-0.52
163	-0.76
164	-0.78
165	-0.56
166	-0.53
167	-0.55
168	-0.53
169	-0.26
170	-0.33
171	-0.39
172	-0.4
173	-0.61
174	-0.7
175	-0.9
176	-0.88
177	-0.78
178	-0.51
179	-0.44
180	-0.33
181	-0.24
182	-0.16
183	0.05
184	-0.3
185	-0.19
186	-0.49
187	-0.58
188	-0.64
189	-0.75
190	-0.71
191	-0.77
192	-0.76
193	-0.87
194	-0.69
195	-0.76
196	-0.83
197	-0.73
198	-0.66
199	-0.74
200	-0.61
201	-0.31
202	-0.26
203	-0.41
204	-0.17
205	0.39
206	0.41
207	0.75
208	0.94
209	1.16
