average cumulative strength:,0.4824
residue index,amino acid,number of ECs,cumulative strength,EC strength,conservation
130,R,5,3.474,7.2,35
89,D,7,3.354,7.0,42
44,A,3,3.333,6.9,23
78,I,4,3.244,6.7,26
167,F,4,3.13,6.5,44
192,A,5,3.128,6.5,20
42,A,4,3.099,6.4,14
177,V,5,3.06,6.3,37
185,D,6,2.911,6.0,19
76,S,6,2.897,6.0,70
96,C,6,2.839,5.9,43
196,L,5,2.81,5.8,46
104,F,5,2.701,5.6,43
129,S,4,2.657,5.5,44
80,E,4,2.649,5.5,24
115,K,4,2.64,5.5,24
121,F,5,2.498,5.2,22
135,L,5,2.471,5.1,40
131,A,3,2.466,5.1,49
54,N,2,2.422,5.0,25
31,E,2,2.418,5.0,22
179,C,6,2.343,4.9,24
81,C,4,2.319,4.8,48
53,I,4,2.317,4.8,26
189,S,3,2.264,4.7,37
178,D,3,2.237,4.6,20
202,E,4,2.202,4.6,23
33,S,3,2.198,4.6,27
43,V,5,2.178,4.5,57
62,L,5,2.164,4.5,50
188,R,5,2.051,4.3,40
93,T,4,2.039,4.2,57
164,L,3,2.007,4.2,76
173,I,4,1.98,4.1,31
40,A,2,1.871,3.9,29
149,R,5,1.854,3.8,35
67,H,4,1.825,3.8,44
183,K,3,1.812,3.8,20
180,L,4,1.798,3.7,46
32,H,4,1.794,3.7,48
161,P,3,1.792,3.7,28
191,S,3,1.789,3.7,49
56,H,3,1.78,3.7,23
181,R,4,1.777,3.7,31
82,I,2,1.771,3.7,33
79,V,4,1.759,3.6,46
158,E,4,1.719,3.6,59
204,T,3,1.716,3.6,34
97,G,4,1.71,3.5,62
119,S,4,1.702,3.5,20
63,D,4,1.604,3.3,84
75,W,5,1.598,3.3,47
152,V,3,1.594,3.3,42
60,G,4,1.58,3.3,58
92,T,3,1.572,3.3,83
195,A,2,1.53,3.2,81
170,A,2,1.524,3.2,24
99,A,4,1.519,3.1,45
160,I,3,1.517,3.1,42
200,I,4,1.515,3.1,81
70,A,2,1.512,3.1,56
85,L,4,1.479,3.1,64
105,K,2,1.456,3.0,27
132,V,3,1.449,3.0,42
145,L,3,1.444,3.0,30
144,E,2,1.435,3.0,25
156,S,4,1.434,3.0,51
148,Q,2,1.415,2.9,21
86,H,3,1.374,2.8,46
59,I,4,1.365,2.8,50
112,R,3,1.365,2.8,32
172,R,2,1.363,2.8,38
74,G,4,1.356,2.8,40
69,L,4,1.286,2.7,33
57,T,3,1.261,2.6,93
29,A,2,1.254,2.6,26
154,D,3,1.237,2.6,26
159,M,2,1.221,2.5,54
45,E,4,1.151,2.4,40
98,I,2,1.146,2.4,75
127,A,4,1.134,2.4,48
68,A,3,1.123,2.3,51
108,L,2,1.112,2.3,79
128,L,4,1.091,2.3,87
163,F,3,1.084,2.2,79
207,N,3,1.065,2.2,65
100,L,3,1.017,2.1,83
141,A,3,1.011,2.1,69
139,P,3,1.01,2.1,81
37,E,3,1.007,2.1,37
46,Q,2,0.989,2.1,47
142,V,2,0.965,2.0,51
201,R,3,0.956,2.0,68
155,L,3,0.948,2.0,46
147,L,2,0.945,2.0,55
102,Q,2,0.944,2.0,47
143,V,3,0.938,1.9,29
114,V,2,0.934,1.9,86
205,S,1,0.927,1.9,35
174,T,3,0.921,1.9,59
66,I,3,0.919,1.9,91
165,E,3,0.91,1.9,26
71,K,2,0.893,1.9,40
50,S,2,0.892,1.8,43
106,E,2,0.882,1.8,31
103,A,2,0.87,1.8,84
175,L,3,0.838,1.7,86
30,I,3,0.832,1.7,67
166,S,2,0.807,1.7,44
197,A,2,0.799,1.7,58
210,N,2,0.791,1.6,27
58,G,2,0.753,1.6,88
168,A,2,0.741,1.5,45
151,K,2,0.737,1.5,34
124,L,2,0.728,1.5,66
55,V,2,0.727,1.5,56
77,L,2,0.724,1.5,74
118,G,2,0.71,1.5,84
184,N,2,0.707,1.5,86
52,V,2,0.691,1.4,25
49,Q,1,0.684,1.4,76
150,E,2,0.639,1.3,26
136,S,2,0.634,1.3,85
140,Y,2,0.627,1.3,43
212,V,2,0.626,1.3,33
215,T,1,0.62,1.3,77
211,D,1,0.613,1.3,27
51,Q,1,0.604,1.3,84
182,G,2,0.581,1.2,97
117,F,1,0.563,1.2,58
120,G,2,0.552,1.1,36
126,E,2,0.535,1.1,87
41,E,2,0.526,1.1,74
47,A,1,0.521,1.1,79
162,H,1,0.511,1.1,50
48,T,1,0.504,1.0,89
28,L,1,0.504,1.0,87
133,V,2,0.504,1.0,35
193,F,2,0.495,1.0,93
72,H,1,0.442,0.9,96
111,V,1,0.436,0.9,75
169,E,1,0.431,0.9,20
209,T,1,0.402,0.8,21
218,V,1,0.38,0.8,36
122,A,1,0.351,0.7,39
199,A,1,0.341,0.7,82
213,P,1,0.313,0.6,80
171,S,1,0.308,0.6,65
157,C,1,0.296,0.6,67
87,I,1,0.289,0.6,64
34,I,1,0.286,0.6,96
153,G,1,0.278,0.6,94
88,D,1,0.278,0.6,95
219,L,1,0.271,0.6,90
198,V,1,0.245,0.5,77
176,H,1,0.238,0.5,91
65,M,1,0.238,0.5,97
