	seq	aa_seq	t0_tech1_bio1	t1_tech1_bio1	t2_tech1_bio1	t0_tech1_bio2	t1_tech1_bio2	t2_tech1_bio2	t0_tech2_bio1	t1_tech2_bio1	t2_tech2_bio1	t0_tech2_bio2	t1_tech2_bio2	t2_tech2_bio2	total_tech1	total_tech2	min_read_tech1	min_read_tech2	size	t0_tech1_bio1_fr	t0_tech1_bio2_fr	t0_tech2_bio1_fr	t0_tech2_bio2_fr	t0_fr_mean	t0_fr_median	t0_fr	t1_tech1_bio1_fr	t1_tech1_bio2_fr	t1_tech2_bio1_fr	t1_tech2_bio2_fr	t1_fr_mean	t1_fr_median	t1_fr	t2_tech1_bio1_fr	t2_tech1_bio2_fr	t2_tech2_bio1_fr	t2_tech2_bio2_fr	t2_fr_mean	t2_fr_median	t2_fr	t0_fr_mean_var	t1_fr_mean_var	t2_fr_mean_var	t0_fr_median_var	t1_fr_median_var	t2_fr_median_var	t0_fr_var	t1_fr_var	t2_fr_var
34267	ATAGAACATTCGATATTTCCAGAAAAAGAGGCAGAAGCCGTAGCTGAACAGGCA	IEHSIFPEKEAEAVAEQA	57.0	45.0	56.0	61.0	49.0	43.0	57.0	55.0	47.0	49.0	49.0	49.0	311.0	306.0	4.13446199	4.06093824	4	3.90697720327	3.26365274221	4.75148365077	2.96565576944	3.72194234142	3.58531497274	3.72194234142	3.4559841633	3.12962577851	4.95103783655	3.38153772875	3.72954637678	3.41876094602	3.72954637678	3.18637324721	3.51170193001	2.72599040451	4.10978252373	3.38346202636	3.34903758861	3.38346202636	0.114911189501	0.143350511837	0.357305326588	0.111111794776	0.122552859563	0.353067983891	0.114911189501	0.143350511837	0.357305326588
35709	ATAGAACATTCTATATTTCCAGAAAAAGAGGCAGAAGCCGTGGCGGAACAGGCA	IEHSIFPEKEAEAVAEQA	63.0	74.0	136.0	65.0	71.0	68.0	60.0	45.0	139.0	74.0	84.0	47.0	477.0	449.0	6.34128093	5.95869696	4	4.31823796151	3.47766275809	5.00156173765	4.47874544772	4.31905197624	4.39849170461	4.31905197624	5.68317395742	4.53476388315	4.050849139	5.79692182071	5.01642720007	5.10896892029	5.01642720007	7.73833502894	5.55338909862	8.06197162186	3.94203629827	6.32393301192	6.64586206378	6.32393301192	0.153160764939	0.246354923865	1.10844099146	0.163221005657	0.255905654554	1.20697870556	0.153160764939	0.246354923865	1.10844099146
97905	ATAGAACATTCCATATTCCCAGAAAAAGAGGCAGAAGCCGTGGCTGAACAGGCA	IEHSIFPEKEAEAVAEQA	25.0	21.0	50.0	0.0	0.0	25.0	22.0	28.0	34.0	37.0	40.0	20.0	121.0	181.0	1.60858489	2.40205824	4	1.71358649266	0.0	1.83390597047	2.23937272386	1.44671629675	1.77374623157	1.44671629675	1.61279260954	0.0	2.52052835315	2.76043896224	1.72343998123	2.06666048135	1.72343998123	2.84497611358	2.04168716861	1.97199305858	1.67746225458	2.13402964884	2.0068401136	2.13402964884	0.120251828257	0.141462290575	0.403291157533	0.0622324205599	0.0931516423058	0.467739827245	0.120251828257	0.141462290575	0.403291157533
198503	ATAGAACATTCTATATTTCCAGAAAAAGAGGCAGAAGCCGTTGCAGAACAGGCA	IEHSIFPEKEAEAVAEQA	154.0	144.0	239.0	167.0	209.0	197.0	138.0	255.0	239.0	198.0	233.0	268.0	1110.0	1331.0	14.7564399	17.66375424	4	10.5556927948	8.9349181631	11.5035919966	11.983670252	10.7444683016	11.0296423957	10.7444683016	11.0591493226	13.3488119941	22.9548117876	16.0795569551	15.8605825148	14.7141844746	15.8605825148	13.5989858229	16.0884948886	13.8619512059	22.4779942114	16.5068565322	14.9752230473	16.5068565322	1.2657558659	2.73810160577	7.25791683238	1.33629663755	2.40819817276	6.24346853635	1.2657558659	2.73810160577	7.25791683238
220199	ATAGAACATTCAATATTTCCAGAAAAAGAGGCAGAAGCCGTTGCTGAACAGGCA	IEHSIFPEKEAEAVAEQA	49.0	38.0	86.0	65.0	73.0	36.0	46.0	0.0	73.0	63.0	46.0	53.0	347.0	281.0	4.61304923	3.72916224	4	3.35862952562	3.47766275809	3.83453066553	3.81298598927	3.62095223463	3.64532437368	3.62095223463	2.91838662679	4.66250371084	0.0	3.17450480658	2.68884878605	3.04644571668	2.68884878605	4.89335891536	2.9400295228	4.23398509637	4.44527497465	4.12816212729	4.33963003551	4.12816212729	0.112535123348	0.0907024226834	0.491587236672	0.113508530396	0.106012097252	0.521541344431	0.112535123348	0.0907024226834	0.491587236672
240798	ATAGAACACTCCATATTTCCAGAAAAAGAGGCAGAAGCCGTGGCGGAACAGGCA	IEHSIFPEKEAEAVAEQA	37.0	0.0	59.0	54.0	48.0	26.0	39.0	0.0	0.0	44.0	32.0	48.0	224.0	163.0	2.97787616	2.16317952	4	2.53610800914	2.88913521442	3.25101512947	2.66303783378	2.8348240467	2.7760865241	2.8348240467	0.0	3.06575586466	0.0	2.20835116979	1.31852675861	1.1041755849	1.31852675861	3.35707181403	2.12335465535	0.0	4.025909411	2.37658397009	2.74021323469	2.37658397009	0.0736325305395	0.287873665451	0.349478848659	0.0717222001996	0.31535857859	0.315422570135	0.0736325305395	0.287873665451	0.349478848659
266119	ATAGAACATTCAATATTTCCAGAAAAAGAGGCAGAAGCCGTCGCAGAACAAGCA	IEHSIFPEKEAEAVAEQA	30.0	0.0	0.0	32.0	0.0	0.0	17.0	0.0	31.0	20.0	25.0	0.0	62.0	93.0	0.82423358	1.23420672	4	2.05630379119	1.71208012706	1.417109159	1.21047174263	1.59899120497	1.56459464303	1.59899120497	0.0	0.0	0.0	1.7252743514	0.431318587851	0.0	0.0	0.0	0.0	1.79799367106	0.0	0.449498417766	0.0	0.0	0.0850658514438	0.0756731036702	0.119431935987	0.0922728116852	0.000178464556875	0.000158639135375	0.0850658514438	0.000178464556875	0.000158639135375
281618	ATAGAACACTCAATATTTCCAGAAAAAGAGGCAGAAGCCGTAGCCGAACAAGCA	IEHSIFPEKEAEAVAEQA	23.0	29.0	29.0	34.0	28.0	42.0	27.0	20.0	0.0	25.0	29.0	26.0	185.0	127.0	2.45940665	1.68542208	4	1.57649957325	1.819085135	2.25070278194	1.51308967828	1.78984429212	1.69779235413	1.78984429212	2.22718979413	1.78835758772	1.80037739511	2.00131824763	1.95431075615	1.90084782137	1.95431075615	1.65008614588	3.43003444326	0.0	2.18070093096	1.81520538002	1.91539353842	1.81520538002	0.0606232145114	0.112848300634	0.565070087596	0.0698249773519	0.121073547713	0.517911262098	0.0606232145114	0.112848300634	0.565070087596
333775	ATAGAACATTCGATATTTCCAGAAAAAGAGGCAGAAGCCGTTGCAGAACAAGCA	IEHSIFPEKEAEAVAEQA	60.0	65.0	91.0	87.0	112.0	62.0	56.0	46.0	128.0	70.0	75.0	71.0	477.0	446.0	6.34128093	5.91888384	4	4.11260758239	4.65471784545	4.66812428848	4.23665109919	4.41802520388	4.44568447232	4.41802520388	4.99197712476	7.15343035088	4.14086800875	5.17582305421	5.36552463465	5.08390008949	5.36552463465	5.17785652672	5.06338417815	7.42397386761	5.95499100377	5.90505139406	5.56642376524	5.90505139406	0.165749197976	0.280492656	0.948477670154	0.16932909675	0.25285866703	0.834454428507	0.165749197976	0.280492656	0.948477670154
412030	ATAGAACATTCCATATTCCCAGAAAAAGAGGCAGAAGCCGTGGCGGAACAAGCA	IEHSIFPEKEAEAVAEQA	58.0	116.0	97.0	73.0	99.0	70.0	73.0	59.0	76.0	69.0	83.0	80.0	513.0	440.0	6.81986817	5.8392576	4	3.97552066297	3.90568278986	6.08523344748	4.17612751206	4.53564110309	4.07582408752	4.53564110309	8.9087591765	6.32312147087	5.31111331557	5.72791084665	6.5677262024	6.02551615876	6.5677262024	5.51925366035	5.7167240721	4.40798448389	6.70984901833	5.58845280867	5.61798886623	5.58845280867	0.178226227799	0.452231880018	0.840548480882	0.134054187603	0.362971527879	0.84871925245	0.178226227799	0.452231880018	0.840548480882
414943	ATAGAGCACTCGATCTTCCCAGAAAAAGAGGCAGAAGCCGTGGCGGAACAAGCA	IEHSIFPEKEAEAVAEQA	24.0	24.0	33.0	35.0	17.0	27.0	27.0	11.0	25.0	34.0	17.0	20.0	160.0	134.0	2.1270544	1.77831936	4	1.64504303295	1.87258763897	2.25070278194	2.05780196247	1.95653385408	1.96519480072	1.95653385408	1.84319155376	1.0857885354	0.99020756731	1.17318655895	1.27309355386	1.12948754718	1.27309355386	1.87768423496	2.2050221421	1.44999489602	1.67746225458	1.80254088192	1.77757324477	1.80254088192	0.0625739749448	0.302882810734	0.570758895395	0.0620824028601	0.313144723197	0.580049529295	0.0625739749448	0.302882810734	0.570758895395
473071	ATAGAACATTCTATATTCCCAGAAAAAGAGGCAGAAGCCGTGGCCGAACAGGCA	IEHSIFPEKEAEAVAEQA	29.0	53.0	49.0	52.0	55.0	39.0	40.0	33.0	38.0	32.0	42.0	30.0	277.0	215.0	3.68246293	2.8532736	4	1.98776033149	2.78213020648	3.33437449177	1.9367547882	2.51025495448	2.38494526898	2.51025495448	4.07038134788	3.51284526159	2.97062270193	2.89846091036	3.36307755544	3.24173398176	3.36307755544	2.78807659131	3.18503198303	2.20399224195	2.51619338187	2.67332354954	2.65213498659	2.67332354954	0.0631308694164	0.121690008261	0.318817309895	0.0611154890651	0.116655505561	0.321580830881	0.0631308694164	0.121690008261	0.318817309895
514327	ATAGAACATTCCATATTTCCAGAAAAAGAGGCAGAAGCCGTGGCAGAACAGGCA	IEHSIFPEKEAEAVAEQA	36.0	36.0	45.0	57.0	39.0	37.0	31.0	0.0	0.0	50.0	0.0	0.0	250.0	81.0	3.3235225	1.07495424	4	2.46756454943	3.04964272633	2.58414023112	3.02617935657	2.78188171586	2.80515979384	2.78188171586	2.76478733064	2.49092664004	0.0	0.0	1.31392849267	1.24546332002	1.31392849267	2.56047850222	3.02169700954	0.0	0.0	1.39554387794	1.28023925111	1.39554387794	0.07194260541	0.289392731561	0.676888603884	0.0727185890971	0.30816046168	0.661992289052	0.07194260541	0.289392731561	0.676888603884
522991	ATAGAGCACTCGATCTTCCCAGAAAAAGAGGCAGAAGCAGTAGCAGAACAGGCC	IEHSIFPEKEAEAVAEQA	6409.0	6864.0	7407.0	7335.0	5974.0	5274.0	5061.0	5148.0	5617.0	6609.0	6484.0	4277.0	39263.0	33196.0	521.96585567	440.54544384	4	439.295033259	392.440866625	421.881732571	400.000387351	413.404504951	410.941059961	413.404504951	527.152784375	381.558865323	463.417141501	447.46715578	454.898986745	455.44214864	454.898986745	421.454761466	430.71432509	325.784853237	358.725303143	384.169810734	390.090032304	384.169810734	100.86789466	129.081894679	250.772478945	100.258535977	129.238202495	254.693625056	100.86789466	129.081894679	250.772478945
