position	entropy	gap_fr	score	segment
0	0.885211668761	0.69642870957	0.0348464418403	
1	0.819457692818	0.504717668848	0.0894194147725	
2	0.82591947666	0.811640152571	0.0327897808167	
3	0.0607611278345	0.0571109601663	0.885598038351	
4	0.781385443197	0.0306150418068	0.211921663007	
5	0.43669963746	0.0112466917499	0.556965096999	12.0
6	0.787952010212	0.0105321826418	0.20981466163	12.0
7	0.523980023299	0.00578082716287	0.473268187489	12.0
8	0.743293507818	0.00183936841637	0.256234314368	12.0
9	0.0259362867252	0.000774940043948	0.973308872298	12.0
10	0.754881345669	0.0	0.245118654331	12.0
11	0.0155800033993	0.0	0.984419996601	12.0
12	0.60364357106	0.0	0.39635642894	11.0
13	0.0208587365829	0.0	0.979141263417	11.0
14	0.155769045084	0.0	0.844230954916	11.0
15	0.684344236938	0.0	0.315655763062	11.0
16	0.209992862085	0.0	0.790007137915	11.0
17	0.840428962611	0.0	0.159571037389	11.0
18	0.403688425403	0.0	0.596311574597	12.0
19	0.729254125948	0.0	0.270745874052	12.0
20	0.405743651268	0.0	0.594256348732	12.0
21	0.57148881879	0.00170384196978	0.427781065875	12.0
22	0.219715560327	0.00170384196978	0.778954958296	12.0
23	0.181118290566	0.00281256533842	0.816578551122	12.0
24	0.244576722955	0.00839936999289	0.74907819744	11.0
25	0.219233772844	0.0302233018722	0.757168893781	11.0
26	0.803652221101	0.850190567075	0.0294147494129	11.0
27	0.348161732651	0.849269771937	0.0982517306978	11.0
28	0.62408801273	0.855669377387	0.0542556111702	11.0
29	0.636618724766	0.85640056379	0.0521813462527	10.0
30	0.705725081277	0.857181394442	0.0420279335428	10.0
31	0.595938562654	0.857181394442	0.0577074910415	10.0
32	0.666312723611	0.854059629081	0.0486984448871	10.0
33	0.731422779968	0.855582912518	0.0387871398809	10.0
34	0.369199545748	0.85671849232	0.0903820401302	10.0
35	0.667290167598	0.872570834604	0.0423969362619	9.0
36	0.640417808882	0.860768549887	0.0500651499043	9.0
37	0.625898048235	0.857546581428	0.0532921019232	9.0
38	0.716841797993	0.879297797237	0.0341778187126	9.0
39	0.761082711125	0.887498358561	0.0268785871667	9.0
40	0.708727536906	0.882418843519	0.0342481530615	9.0
41	0.754089679697	0.885059673376	0.0282650125359	10.0
42	0.281521686929	0.851767627352	0.106501745043	10.0
43	0.188284168765	0.851767627352	0.12032256358	10.0
44	0.524563055201	0.851767627352	0.0704751463721	10.0
45	0.129536189506	0.850487759316	0.130144994742	10.0
46	0.664716869404	0.852306887398	0.0495190091607	10.0
47	0.405318057966	0.841974751997	0.093974761373	9.0
48	0.743987756158	0.838921675447	0.0412380233031	9.0
49	0.535600218826	0.829494111331	0.0791828973867	9.0
50	0.752963252662	0.028455526159	0.240007186712	9.0
51	0.793655613382	0.0227754989204	0.201644790263	9.0
52	0.152036491521	0.825385937601	0.148066352981	9.0
53	0.761551644405	0.00547603406693	0.237142604276	9.0
54	0.465326689756	0.0	0.534673310244	9.0
55	0.702846817757	0.0	0.297153182243	8.0
56	0.121439497652	0.0	0.878560502348	8.0
57	0.19179699299	0.0	0.80820300701	8.0
58	0.397444747558	0.0	0.602555252442	8.0
59	0.385154879165	0.0	0.614845120835	8.0
60	0.0553869308215	0.0	0.944613069179	8.0
61	0.38410678165	0.0	0.61589321835	8.0
62	0.212891086453	0.0	0.787108913547	8.0
63	0.0312823655003	0.0	0.9687176345	8.0
64	0.0871389578455	0.0	0.912861042155	8.0
65	0.156032266912	0.0	0.843967733088	7.0
66	0.622919706175	0.0	0.377080293825	7.0
67	0.49345248705	0.000280211469581	0.506405572527	7.0
68	0.453645249288	0.0	0.546354750712	7.0
69	0.441049277485	0.0	0.558950722515	7.0
70	0.562058072275	0.0	0.437941927725	7.0
71	0.0860690778525	0.0	0.913930922147	7.0
72	0.342070683895	0.0	0.657929316105	7.0
73	0.631194665647	0.0	0.368805334353	7.0
74	0.535034203407	0.0	0.464965796593	7.0
75	0.427231629535	0.0	0.572768370465	8.0
76	0.278411017547	0.0	0.721588982453	8.0
77	0.796459583695	0.0	0.203540416305	8.0
78	0.395213137355	0.0	0.604786862645	8.0
79	0.768648380842	0.0	0.231351619158	8.0
80	0.451508535195	0.0	0.548491464805	8.0
81	0.734260771333	0.0	0.265739228667	8.0
82	0.0590605609959	0.00150302327591	0.939525185126	8.0
83	0.0225813157778	0.0147583027642	0.962993643353	8.0
84	0.445493812497	0.0140655328092	0.546706762529	8.0
85	0.594274147803	0.0269626139762	0.394786422664	7.0
86	0.276195018755	0.0269626139762	0.704289306941	7.0
87	0.152436911483	0.00170384196978	0.846118974955	7.0
88	0.650056670938	0.0	0.349943329062	7.0
89	0.0276547628005	0.0	0.972345237199	7.0
90	0.0	0.0	1.0	7.0
91	0.257427641381	0.0	0.742572358619	7.0
92	0.515150746812	0.0	0.484849253188	7.0
93	0.0162554822027	0.0	0.983744517797	7.0
94	0.0210160928352	0.0	0.978983907165	7.0
95	0.472962825031	0.00131050050697	0.526346492484	6.0
96	0.360477551122	0.0	0.639522448878	6.0
97	0.238392846906	0.0	0.761607153094	6.0
98	0.470683938437	0.0	0.529316061563	6.0
99	0.217575795301	0.0	0.782424204699	6.0
100	0.0253260587123	0.0	0.974673941288	6.0
101	0.669071376286	0.0	0.330928623714	6.0
102	0.22210100663	0.000847051846061	0.777240072592	6.0
103	0.429678347247	0.000847051846061	0.569838560744	6.0
104	0.755468435191	0.000847051846061	0.244324433895	6.0
105	0.632407584254	0.000847051846061	0.367281045912	1.0
106	0.127558882429	0.0	0.872441117571	1.0
107	0.225943485033	0.00353612742483	0.771319352496	1.0
108	0.20796457478	0.00522022166051	0.787900824737	1.0
109	0.496311188233	0.0	0.503688811767	1.0
110	0.454833890617	0.000719614362938	0.544773800021	1.0
111	0.689667773205	0.0	0.310332226795	1.0
112	0.185054161719	0.00908883774105	0.80753892779	1.0
113	0.26177198329	0.0	0.73822801671	1.0
114	0.761570274987	0.0	0.238429725013	1.0
115	0.0312823655003	0.0	0.9687176345	6.0
116	0.321241362632	0.0	0.678758637368	6.0
117	0.147833765329	0.0	0.852166234671	6.0
118	0.759139093499	0.151361686204	0.204403793553	6.0
119	0.590329763846	0.000985939682894	0.409266326011	6.0
120	0.806018564599	0.0	0.193981435401	6.0
121	0.529617667647	0.0	0.470382332353	6.0
122	0.0731480705208	0.0	0.926851929479	6.0
123	0.240040602699	0.0	0.759959397301	6.0
124	0.0635253256135	0.0	0.936474674387	6.0
125	0.149923410845	0.0	0.850076589155	1.0
126	0.401817722302	0.0	0.598182277698	1.0
127	0.177536298364	0.0	0.822463701636	1.0
128	0.506490282038	0.0	0.493509717962	1.0
129	0.737450168818	0.0	0.262549831182	1.0
130	0.432780775698	0.0	0.567219224302	1.0
131	0.4767972077	0.0	0.5232027923	1.0
132	0.393454423697	0.0	0.606545576303	1.0
133	0.0269011164069	0.0	0.973098883593	1.0
134	0.463189854086	0.0	0.536810145914	1.0
135	0.223736229007	0.0	0.776263770993	2.0
136	0.296805485537	0.0	0.703194514463	2.0
137	0.0184060519447	0.00133389385522	0.98028460592	2.0
138	0.279638546653	0.0	0.720361453347	2.0
139	0.555072517978	0.0	0.444927482022	2.0
140	0.537633215366	0.0062374314342	0.459482803517	2.0
141	0.572722942454	0.0062374314342	0.424611946196	2.0
142	0.71255601947	0.00656701220026	0.285556332403	2.0
143	0.656865730122	0.000329580766059	0.343021179423	2.0
144	0.614834665136	0.18572198923	0.313631662691	3.0
145	0.7625598824	0.0102005299162	0.235018102577	3.0
146	0.551907905059	0.0135222026468	0.442032902829	3.0
147	0.763973960785	0.0240335093641	0.230353505191	3.0
148	0.724850748646	0.0442677324546	0.26296901791	3.0
149	0.692282993764	0.0486077781178	0.292759566274	3.0
150	0.68593405917	0.0191606274873	0.308048240331	3.0
151	0.39018505767	0.0237527511021	0.595330159787	3.0
152	0.193382294574	0.00846206168159	0.799792056649	3.0
153	0.711219809608	0.0652809771065	0.269928337394	3.0
154	0.522336615803	0.00741048870907	0.474123665081	2.0
155	0.595881760595	0.00741048870907	0.401123525755	2.0
156	0.495907467772	0.00879667914281	0.499658191964	2.0
157	0.487659110099	0.0017157711998	0.511461830157	2.0
158	0.4061310587	0.0	0.5938689413	2.0
159	0.65284597216	0.0	0.34715402784	2.0
160	0.75450064642	0.0	0.24549935358	2.0
161	0.274378327379	0.0	0.725621672621	2.0
162	0.370247477809	0.0	0.629752522191	2.0
163	0.329820300327	0.0	0.670179699673	3.0
164	0.687731165595	0.0	0.312268834405	3.0
165	0.416816150599	0.0	0.583183849401	3.0
166	0.360694340503	0.000573165651606	0.638939231452	3.0
167	0.461515747885	0.0	0.538484252115	3.0
168	0.840691841933	0.0	0.159308158067	3.0
169	0.668791396427	0.0	0.331208603573	3.0
170	0.40193028996	0.00053017519214	0.597752628317	4.0
171	0.624140202794	0.0	0.375859797206	4.0
172	0.613061129073	0.0	0.386938870927	4.0
173	0.368772715572	0.0	0.631227284428	4.0
174	0.23415351153	0.0	0.76584648847	4.0
175	0.137545119237	0.0	0.862454880763	4.0
176	0.440720471626	0.0	0.559279528374	4.0
177	0.767450902069	0.00452966263062	0.231495728972	4.0
178	0.751864410151	0.00293390327886	0.247407584028	4.0
179	0.660125079203	0.0123819431816	0.335666608838	4.0
180	0.569034630094	0.175256651815	0.355435822128	5.0
181	0.0792206848795	0.00286509233858	0.918141197359	5.0
182	0.789902538709	0.00566653003595	0.208906937716	5.0
183	0.180159912018	0.0	0.819840087982	5.0
184	0.731528638834	0.0	0.268471361166	5.0
185	0.0312823655003	0.0	0.9687176345	5.0
186	0.0	0.0	1.0	5.0
187	0.614907423834	0.0	0.385092576166	5.0
188	0.565336022043	0.0	0.434663977957	5.0
189	0.0	0.0	1.0	5.0
190	0.381526633091	0.0	0.618473366909	4.0
191	0.706347941874	0.0	0.293652058126	4.0
192	0.155603961913	0.0	0.844396038087	4.0
193	0.00654357937679	0.0	0.993456420623	4.0
194	0.218961235888	0.0	0.781038764112	4.0
195	0.439013661863	0.0	0.560986338137	4.0
196	0.237055843771	0.0	0.762944156229	4.0
197	0.42491340795	0.0	0.57508659205	4.0
198	0.186245094915	0.0	0.813754905085	4.0
199	0.336431719087	0.0	0.663568280913	4.0
200	0.41360269642	0.0	0.58639730358	5.0
201	0.729868123939	0.0034645976675	0.269195977794	5.0
202	0.0402639988898	0.0034645976675	0.956410901999	5.0
203	0.597106605719	0.00293896503607	0.401709304682	5.0
204	0.619888353064	0.208886320086	0.300711523786	5.0
205	0.420541379523	0.217281969221	0.453552710338	5.0
206	0.785514855117	0.390475975764	0.130733848648	5.0
207	0.554274308353	0.83435358189	0.0738328642811	5.0
208	0.804172382593	0.132572264449	0.169866306726	5.0
209	0.503510103975	0.0437770574637	0.474755029316	5.0
210	0.797729760736	0.315522181528	0.138449492113	5.0
211	0.52174562775	0.0118244752675	0.472599265254	
212	0.362722682958	0.0104361569911	0.630626590914	
213	0.117376789066	0.00137727374916	0.881407597155	
214	0.240577297856	0.0137801928952	0.748957710819	
215	0.0594764410241	0.00873751951371	0.932305716026	
216	0.141831282703	0.00891924126948	0.850514503458	
217	0.650282934751	0.0191620110778	0.34301578297	
218	0.23604839728	0.0198513478225	0.748786133734	
219	0.780372101306	0.671857736121	0.0720691958884	
