relative_position	S1	S2	S3	S4	S5	S6	S7	S8	S9	S10	S11	S12
0	106	136	145	171	181	96	66	56	36	30	13	6
1	107	137	146	172	182	97	67	57	37	31	14	7
2	108	138	147	173	183	98	68	58	38	32	15	8
3	109	139	148	174	184	99	69	59	39	33	16	9
4	110	140	149	175	185	100	70	60	40	34	17	10
5	111	141	150	176	186	101	71	61	41	35	18	11
6	112	142	151	177	187	102	72	62	42	36	19	12
7	113	143	152	178	188	103	73	63	43	37	20	13
8	114	144	153	179	189	104	74	64	44	38	21	14
9	115	145	154	180	190	105	75	65	45	39	22	15
10	116	146	155	181	191	106	76	66	46	40	23	16
11	117	147	156	182	192	107	77	67	47	41	24	17
12	118	148	157	183	193	108	78	68	48	42	25	18
13	119	149	158	184	194	109	79	69	49	43	26	19
14	120	150	159	185	195	110	80	70	50	44	27	20
15	121	151	160	186	196	111	81	71	51	45	28	21
16	122	152	161	187	197	112	82	72	52	46	29	22
17	123	153	162	188	198	113	83	73	53	47		23
18	124	154	163	189	199	114	84	74	54			24
19	125	155	164	190	200	115	85	75	55			
20	126	156	165	191	201	116	86	76				
21	127	157	166	192	202	117	87	77				
22	128	158	167	193	203	118	88	78				
23	129	159	168	194	204	119	89	79				
24	130	160	169	195	205	120	90	80				
25	131	161	170	196	206	121	91	81				
26	132	162		197	207	122	92	82				
27	133	163		198	208	123	93	83				
28	134			199	209	124	94	84				
29	135			200	210	125	95	85				
30					211							
