segment,fused_mutations,mutation1,mutation2,position1,position2
1,A10EA26S,A10E,A26S,115,131
1,A10KA26S,A10K,A26S,115,131
1,A10KA5E,A10K,A5E,115,110
1,A10KE5H,A10K,E5H,115,110
1,A10KE5K,A10K,E5K,115,110
1,A10KE5T,A10K,E5T,115,110
1,A10KF30L,A10K,F30L,115,135
1,A10TL9V,A10T,L9V,115,114
1,A26SA10E,A26S,A10E,131,115
1,A26SA10K,A26S,A10K,131,115
1,A26SA5D,A26S,A5D,131,110
1,A26SA5E,A26S,A5E,131,110
1,A26SD5H,A26S,D5H,131,110
1,A26SE10K,A26S,E10K,131,115
1,A26SE10T,A26S,E10T,131,115
1,A26SE5H,A26S,E5H,131,110
1,A26SE5K,A26S,E5K,131,110
1,A26SE5T,A26S,E5T,131,110
1,A26SF30L,A26S,F30L,131,135
1,A26SK10T,A26S,K10T,131,115
1,A5DA26S,A5D,A26S,110,131
1,A5EA10K,A5E,A10K,110,115
1,A5EA26S,A5E,A26S,110,131
1,A5EK10T,A5E,K10T,110,115
1,D5HA26S,D5H,A26S,110,131
1,D5TF6I,D5T,F6I,110,111
1,E10KA26S,E10K,A26S,115,131
1,E10TA26S,E10T,A26S,115,131
1,E5HA10K,E5H,A10K,110,115
1,E5HA26S,E5H,A26S,110,131
1,E5HK10T,E5H,K10T,110,115
1,E5KA10K,E5K,A10K,110,115
1,E5KA26S,E5K,A26S,110,131
1,E5KK10T,E5K,K10T,110,115
1,E5KR7T,E5K,R7T,110,112
1,E5PF6I,E5P,F6I,110,111
1,E5TA10K,E5T,A10K,110,115
1,E5TA26S,E5T,A26S,110,131
1,E5TF6I,E5T,F6I,110,111
1,F30LA10K,F30L,A10K,135,115
1,F30LA26S,F30L,A26S,135,131
1,F30LI9L,F30L,I9L,135,114
1,F30LI9V,F30L,I9V,135,114
1,F30LK10T,F30L,K10T,135,115
1,F6ID5T,F6I,D5T,111,110
1,F6IE5P,F6I,E5P,111,110
1,F6IE5T,F6I,E5T,111,110
1,F6II3L,F6I,I3L,111,108
1,F6II3V,F6I,I3V,111,108
1,F6IK7R,F6I,K7R,111,112
1,F6IM3V,F6I,M3V,111,108
1,F6IN5T,F6I,N5T,111,110
1,F6IP5T,F6I,P5T,111,110
1,F6VI3L,F6V,I3L,111,108
1,F6VI3M,F6V,I3M,111,108
1,F6VI3V,F6V,I3V,111,108
1,F6VI9L,F6V,I9L,111,114
1,F6VP5T,F6V,P5T,111,110
1,I3LF6I,I3L,F6I,108,111
1,I3LF6V,I3L,F6V,108,111
1,I3MF6V,I3M,F6V,108,111
1,I3VF6I,I3V,F6I,108,111
1,I3VF6V,I3V,F6V,108,111
1,I3VL9V,I3V,L9V,108,114
1,I9LF30L,I9L,F30L,114,135
1,I9LF6V,I9L,F6V,114,111
1,I9VF30L,I9V,F30L,114,135
1,I9VM3V,I9V,M3V,114,108
1,K10TA26S,K10T,A26S,115,131
1,K10TA5E,K10T,A5E,115,110
1,K10TE5H,K10T,E5H,115,110
1,K10TE5K,K10T,E5K,115,110
1,K10TF30L,K10T,F30L,115,135
1,K7RF6I,K7R,F6I,112,111
1,L9VA10T,L9V,A10T,114,115
1,L9VI3V,L9V,I3V,114,108
1,L9VM3V,L9V,M3V,114,108
1,M3VF6I,M3V,F6I,108,111
1,M3VI9V,M3V,I9V,108,114
1,M3VL9V,M3V,L9V,108,114
1,M3VR7T,M3V,R7T,108,112
1,N5TF6I,N5T,F6I,110,111
1,P5TF6I,P5T,F6I,110,111
1,P5TF6V,P5T,F6V,110,111
1,R7TE5K,R7T,E5K,112,110
1,R7TM3V,R7T,M3V,112,108
2,A4PA6S,A4P,A6S,139,141
2,A4PD2G,A4P,D2G,139,137
2,A4PD2S,A4P,D2S,139,137
2,A4PE9K,A4P,E9K,139,144
2,A6CI8T,A6C,I8T,141,143
2,A6CT8V,A6C,T8V,141,143
2,A6SA4P,A6S,A4P,141,139
2,A6SI8V,A6S,I8V,141,143
2,C22SD2N,C22S,D2N,157,137
2,C22SD2S,C22S,D2S,157,137
2,C22SP26T,C22S,P26T,157,161
2,C6SF28L,C6S,F28L,141,163
2,C6SF28V,C6S,F28V,141,163
2,C6SI8T,C6S,I8T,141,143
2,C6SI8V,C6S,I8V,141,143
2,C6ST8V,C6S,T8V,141,143
2,D2GA4P,D2G,A4P,137,139
2,D2GF28I,D2G,F28I,137,163
2,D2GF28V,D2G,F28V,137,163
2,D2GI28L,D2G,I28L,137,163
2,D2GL28V,D2G,L28V,137,163
2,D2NC22S,D2N,C22S,137,157
2,D2SA4P,D2S,A4P,137,139
2,D2SC22S,D2S,C22S,137,157
2,D2SI8T,D2S,I8T,137,143
2,D2SS22T,D2S,S22T,137,157
2,E9KA4P,E9K,A4P,144,139
2,F28ID2G,F28I,D2G,163,137
2,F28IG2N,F28I,G2N,163,137
2,F28IG2S,F28I,G2S,163,137
2,F28II8T,F28I,I8T,163,143
2,F28IP26T,F28I,P26T,163,161
2,F28IT8V,F28I,T8V,163,143
2,F28LC6S,F28L,C6S,163,141
2,F28LG2N,F28L,G2N,163,137
2,F28LG2S,F28L,G2S,163,137
2,F28LI8T,F28L,I8T,163,143
2,F28LT8V,F28L,T8V,163,143
2,F28VC6S,F28V,C6S,163,141
2,F28VD2G,F28V,D2G,163,137
2,F28VG2N,F28V,G2N,163,137
2,F28VG2S,F28V,G2S,163,137
2,F28VI8T,F28V,I8T,163,143
2,F28VT8V,F28V,T8V,163,143
2,G2NF28I,G2N,F28I,137,163
2,G2NF28L,G2N,F28L,137,163
2,G2NF28V,G2N,F28V,137,163
2,G2NI28L,G2N,I28L,137,163
2,G2NI8T,G2N,I8T,137,143
2,G2NL28V,G2N,L28V,137,163
2,G2NT8V,G2N,T8V,137,143
2,G2SF28I,G2S,F28I,137,163
2,G2SF28L,G2S,F28L,137,163
2,G2SF28V,G2S,F28V,137,163
2,G2SI28L,G2S,I28L,137,163
2,G2SI8T,G2S,I8T,137,143
2,G2SL28V,G2S,L28V,137,163
2,G2ST8V,G2S,T8V,137,143
2,I25VI28V,I25V,I28V,160,163
2,I25VP26T,I25V,P26T,160,161
2,I28LD2G,I28L,D2G,163,137
2,I28LG2N,I28L,G2N,163,137
2,I28LG2S,I28L,G2S,163,137
2,I28LI8T,I28L,I8T,163,143
2,I28LK9N,I28L,K9N,163,144
2,I28LP26T,I28L,P26T,163,161
2,I28LT8V,I28L,T8V,163,143
2,I28VI25V,I28V,I25V,163,160
2,I28VP26T,I28V,P26T,163,161
2,I8TA6C,I8T,A6C,143,141
2,I8TC6S,I8T,C6S,143,141
2,I8TD2S,I8T,D2S,143,137
2,I8TF28I,I8T,F28I,143,163
2,I8TF28L,I8T,F28L,143,163
2,I8TF28V,I8T,F28V,143,163
2,I8TG2N,I8T,G2N,143,137
2,I8TG2S,I8T,G2S,143,137
2,I8TI28L,I8T,I28L,143,163
2,I8TL28V,I8T,L28V,143,163
2,I8TP26T,I8T,P26T,143,161
2,I8VA6S,I8V,A6S,143,141
2,I8VC6S,I8V,C6S,143,141
2,K9NI28L,K9N,I28L,144,163
2,K9NL28V,K9N,L28V,144,163
2,L28VD2G,L28V,D2G,163,137
2,L28VG2N,L28V,G2N,163,137
2,L28VG2S,L28V,G2S,163,137
2,L28VI8T,L28V,I8T,163,143
2,L28VK9N,L28V,K9N,163,144
2,L28VT8V,L28V,T8V,163,143
2,P26TC22S,P26T,C22S,161,157
2,P26TF28I,P26T,F28I,161,163
2,P26TI25V,P26T,I25V,161,160
2,P26TI28L,P26T,I28L,161,163
2,P26TI28V,P26T,I28V,161,163
2,P26TI8T,P26T,I8T,161,143
2,S22TD2S,S22T,D2S,157,137
2,T8VA6C,T8V,A6C,143,141
2,T8VC6S,T8V,C6S,143,141
2,T8VF28I,T8V,F28I,143,163
2,T8VF28L,T8V,F28L,143,163
2,T8VF28V,T8V,F28V,143,163
2,T8VG2N,T8V,G2N,143,137
2,T8VG2S,T8V,G2S,143,137
2,T8VI28L,T8V,I28L,143,163
2,T8VL28V,T8V,L28V,143,163
3,A24SD10E,A24S,D10E,168,154
3,A24SD10Q,A24S,D10Q,168,154
3,A24SG25Q,A24S,G25Q,168,169
3,A24SG26S,A24S,G26S,168,170
3,A24SG26T,A24S,G26T,168,170
3,A26GE25R,A26G,E25R,170,169
3,A26TD10E,A26T,D10E,170,154
3,A26TD10Q,A26T,D10Q,170,154
3,D10EA24S,D10E,A24S,154,168
3,D10EA26T,D10E,A26T,154,170
3,D10ED21E,D10E,D21E,154,165
3,D10ED21Q,D10E,D21Q,154,165
3,D10EE25G,D10E,E25G,154,169
3,D10EE25R,D10E,E25R,154,169
3,D10EG25Q,D10E,G25Q,154,169
3,D10EG25R,D10E,G25R,154,169
3,D10EG26S,D10E,G26S,154,170
3,D10EG26T,D10E,G26T,154,170
3,D10QA24S,D10Q,A24S,154,168
3,D10QA26T,D10Q,A26T,154,170
3,D10QD21E,D10Q,D21E,154,165
3,D10QD21H,D10Q,D21H,154,165
3,D10QD21Q,D10Q,D21Q,154,165
3,D10QE25G,D10Q,E25G,154,169
3,D10QE25Q,D10Q,E25Q,154,169
3,D10QE25R,D10Q,E25R,154,169
3,D10QG25Q,D10Q,G25Q,154,169
3,D10QG25R,D10Q,G25R,154,169
3,D10QG26S,D10Q,G26S,154,170
3,D21ED10E,D21E,D10E,165,154
3,D21ED10Q,D21E,D10Q,165,154
3,D21EE25Q,D21E,E25Q,165,169
3,D21EE25R,D21E,E25R,165,169
3,D21EG25Q,D21E,G25Q,165,169
3,D21EG25R,D21E,G25R,165,169
3,D21HD10Q,D21H,D10Q,165,154
3,D21HE25Q,D21H,E25Q,165,169
3,D21HE25R,D21H,E25R,165,169
3,D21QD10E,D21Q,D10E,165,154
3,D21QD10Q,D21Q,D10Q,165,154
3,D21QE25Q,D21Q,E25Q,165,169
3,D21QE25R,D21Q,E25R,165,169
3,D21QF3L,D21Q,F3L,165,147
3,D21QG25Q,D21Q,G25Q,165,169
3,D21QG25R,D21Q,G25R,165,169
3,E21HE25R,E21H,E25R,165,169
3,E21QE25R,E21Q,E25R,165,169
3,E25GD10E,E25G,D10E,169,154
3,E25GD10Q,E25G,D10Q,169,154
3,E25QD10Q,E25Q,D10Q,169,154
3,E25QD21E,E25Q,D21E,169,165
3,E25QD21H,E25Q,D21H,169,165
3,E25QD21Q,E25Q,D21Q,169,165
3,E25RA26G,E25R,A26G,169,170
3,E25RD10E,E25R,D10E,169,154
3,E25RD10Q,E25R,D10Q,169,154
3,E25RD21E,E25R,D21E,169,165
3,E25RD21H,E25R,D21H,169,165
3,E25RD21Q,E25R,D21Q,169,165
3,E25RE21H,E25R,E21H,169,165
3,E25RE21Q,E25R,E21Q,169,165
3,E25RG26S,E25R,G26S,169,170
3,F3LD21Q,F3L,D21Q,147,165
3,F3LG25Q,F3L,G25Q,147,169
3,F3LI20L,F3L,I20L,147,164
3,F3LI8V,F3L,I8V,147,152
3,F3LK4Q,F3L,K4Q,147,148
3,F3LQ4R,F3L,Q4R,147,148
3,G25QA24S,G25Q,A24S,169,168
3,G25QD10E,G25Q,D10E,169,154
3,G25QD10Q,G25Q,D10Q,169,154
3,G25QD21E,G25Q,D21E,169,165
3,G25QD21Q,G25Q,D21Q,169,165
3,G25QF3L,G25Q,F3L,169,147
3,G25RD10E,G25R,D10E,169,154
3,G25RD10Q,G25R,D10Q,169,154
3,G25RD21E,G25R,D21E,169,165
3,G25RD21Q,G25R,D21Q,169,165
3,G25RG26S,G25R,G26S,169,170
3,G25RG26T,G25R,G26T,169,170
3,G26SA24S,G26S,A24S,170,168
3,G26SD10E,G26S,D10E,170,154
3,G26SD10Q,G26S,D10Q,170,154
3,G26SE25R,G26S,E25R,170,169
3,G26SG25R,G26S,G25R,170,169
3,G26TA24S,G26T,A24S,170,168
3,G26TD10E,G26T,D10E,170,154
3,G26TG25R,G26T,G25R,170,169
3,I20LF3L,I20L,F3L,164,147
3,I8VF3L,I8V,F3L,152,147
3,K4QF3L,K4Q,F3L,148,147
3,Q4RF3L,Q4R,F3L,148,147
5,A22EA23S,A22E,A23S,202,203
5,A22EA9S,A22E,A9S,202,189
5,A22EE28G,A22E,E28G,202,208
5,A22EH1R,A22E,H1R,202,181
5,A22EH1Y,A22E,H1Y,202,181
5,A22EK29T,A22E,K29T,202,209
5,A22EL26P,A22E,L26P,202,206
5,A22EL26S,A22E,L26S,202,206
5,A22EN27T,A22E,N27T,202,207
5,A23SA22E,A23S,A22E,203,202
5,A23SA9S,A23S,A9S,203,189
5,A23SH1R,A23S,H1R,203,181
5,A23SH1Y,A23S,H1Y,203,181
5,A23SL26P,A23S,L26P,203,206
5,A23SL26S,A23S,L26S,203,206
5,A23SP26S,A23S,P26S,203,206
5,A9SA22E,A9S,A22E,189,202
5,A9SA23S,A9S,A23S,189,203
5,A9SH1R,A9S,H1R,189,181
5,A9SH1Y,A9S,H1Y,189,181
5,A9SK29T,A9S,K29T,189,209
5,A9SL26P,A9S,L26P,189,206
5,A9SL26S,A9S,L26S,189,206
5,E28GA22E,E28G,A22E,208,202
5,E28GK29T,E28G,K29T,208,209
5,E28GN27T,E28G,N27T,208,207
5,H1RA22E,H1R,A22E,181,202
5,H1RA23S,H1R,A23S,181,203
5,H1RA9S,H1R,A9S,181,189
5,H1RK29T,H1R,K29T,181,209
5,H1RL26P,H1R,L26P,181,206
5,H1RL26S,H1R,L26S,181,206
5,H1YA22E,H1Y,A22E,181,202
5,H1YA23S,H1Y,A23S,181,203
5,H1YA9S,H1Y,A9S,181,189
5,H1YL26P,H1Y,L26P,181,206
5,H1YL26S,H1Y,L26S,181,206
5,H1YN27T,H1Y,N27T,181,207
5,K29TA22E,K29T,A22E,209,202
5,K29TA9S,K29T,A9S,209,189
5,K29TE28G,K29T,E28G,209,208
5,K29TH1R,K29T,H1R,209,181
5,K29TL26P,K29T,L26P,209,206
5,K29TN27T,K29T,N27T,209,207
5,L26PA22E,L26P,A22E,206,202
5,L26PA23S,L26P,A23S,206,203
5,L26PA9S,L26P,A9S,206,189
5,L26PH1R,L26P,H1R,206,181
5,L26PH1Y,L26P,H1Y,206,181
5,L26PK29T,L26P,K29T,206,209
5,L26PN27T,L26P,N27T,206,207
5,L26SA22E,L26S,A22E,206,202
5,L26SA23S,L26S,A23S,206,203
5,L26SA9S,L26S,A9S,206,189
5,L26SH1R,L26S,H1R,206,181
5,L26SH1Y,L26S,H1Y,206,181
5,L26SN27T,L26S,N27T,206,207
5,N27TA22E,N27T,A22E,207,202
5,N27TE28G,N27T,E28G,207,208
5,N27TH1Y,N27T,H1Y,207,181
5,N27TK29T,N27T,K29T,207,209
5,N27TL26P,N27T,L26P,207,206
5,N27TL26S,N27T,L26S,207,206
5,P26SA23S,P26S,A23S,206,203
6,A25GA27C,A25G,A27C,120,122
6,A25GS24Y,A25G,S24Y,120,119
6,A27CA25G,A27C,A25G,122,120
6,A2GC1T,A2G,C1T,97,96
6,A2GH10K,A2G,H10K,97,105
6,A2GK10N,A2G,K10N,97,105
6,A2GK7L,A2G,K7L,97,102
6,A2GL7Q,A2G,L7Q,97,102
6,A4SC1S,A4S,C1S,99,96
6,A4SC1T,A4S,C1T,99,96
6,A4SF9L,A4S,F9L,99,104
6,A4SS1T,A4S,S1T,99,96
6,A4TC1S,A4T,C1S,99,96
6,A4TF9L,A4T,F9L,99,104
6,A4TS1T,A4T,S1T,99,96
6,C1SA4S,C1S,A4S,96,99
6,C1SA4T,C1S,A4T,96,99
6,C1SF26Y,C1S,F26Y,96,121
6,C1SF9L,C1S,F9L,96,104
6,C1SK10N,C1S,K10N,96,105
6,C1TA2G,C1T,A2G,96,97
6,C1TA4S,C1T,A4S,96,99
6,C1TF9L,C1T,F9L,96,104
6,C1TK7L,C1T,K7L,96,102
6,F26YC1S,F26Y,C1S,121,96
6,F9LA4S,F9L,A4S,104,99
6,F9LA4T,F9L,A4T,104,99
6,F9LC1S,F9L,C1S,104,96
6,F9LC1T,F9L,C1T,104,96
6,F9LI3L,F9L,I3L,104,98
6,F9LS1T,F9L,S1T,104,96
6,H10KA2G,H10K,A2G,105,97
6,I3LF9L,I3L,F9L,98,104
6,I3LK7Q,I3L,K7Q,98,102
6,I3LL7Q,I3L,L7Q,98,102
6,I3LM7Q,I3L,M7Q,98,102
6,I3LS1T,I3L,S1T,98,96
6,K10NA2G,K10N,A2G,105,97
6,K10NC1S,K10N,C1S,105,96
6,K10NS1T,K10N,S1T,105,96
6,K7LA2G,K7L,A2G,102,97
6,K7LC1T,K7L,C1T,102,96
6,K7QI3L,K7Q,I3L,102,98
6,L7QA2G,L7Q,A2G,102,97
6,L7QI3L,L7Q,I3L,102,98
6,M7QI3L,M7Q,I3L,102,98
6,S1TA4S,S1T,A4S,96,99
6,S1TA4T,S1T,A4T,96,99
6,S1TF9L,S1T,F9L,96,104
6,S1TI3L,S1T,I3L,96,98
6,S1TK10N,S1T,K10N,96,105
6,S24YA25G,S24Y,A25G,119,120
8,D1HI27R,D1H,I27R,56,82
8,D1HR27V,D1H,R27V,56,82
8,D1QI27R,D1Q,I27R,56,82
8,D1QR27V,D1Q,R27V,56,82
8,F7LN21S,F7L,N21S,62,76
8,I27RD1H,I27R,D1H,82,56
8,I27RD1Q,I27R,D1Q,82,56
8,N21SF7L,N21S,F7L,76,62
8,R27VD1H,R27V,D1H,82,56
8,R27VD1Q,R27V,D1Q,82,56
11,A14DH15P,A14D,H15P,26,27
11,A17PI16L,A17P,I16L,29,28
11,A17PL16V,A17P,L16V,29,28
11,E17PI16L,E17P,I16L,29,28
11,F6SL16V,F6S,L16V,18,28
11,H15PA14D,H15P,A14D,27,26
11,I16LA17P,I16L,A17P,28,29
11,I16LE17P,I16L,E17P,28,29
11,I16LP17Q,I16L,P17Q,28,29
11,L16VA17P,L16V,A17P,28,29
11,L16VF6S,L16V,F6S,28,18
11,P17QI16L,P17Q,I16L,29,28
12,A15SA17G,A15S,A17G,20,22
12,A15SD19K,A15S,D19K,20,24
12,A15SE19K,A15S,E19K,20,24
12,A15SK4N,A15S,K4N,20,9
12,A15SN4R,A15S,N4R,20,9
12,A17GA15S,A17G,A15S,22,20
12,A17GD19K,A17G,D19K,22,24
12,A17GN6V,A17G,N6V,22,11
12,C17GD19K,C17G,D19K,22,24
12,D19KA15S,D19K,A15S,24,20
12,D19KA17G,D19K,A17G,24,22
12,D19KC17G,D19K,C17G,24,22
12,D19NG17S,D19N,G17S,24,22
12,E19KA15S,E19K,A15S,24,20
12,G17SD19N,G17S,D19N,22,24
12,G17SN4R,G17S,N4R,22,9
12,K4NA15S,K4N,A15S,9,20
12,N4RA15S,N4R,A15S,9,20
12,N4RG17S,N4R,G17S,9,22
12,N6VA17G,N6V,A17G,11,22
